,Image,Id
0,00022e1a.jpg,w_e15442c
1,000466c4.jpg,w_1287fbc
2,00087b01.jpg,w_da2efe0
3,001296d5.jpg,w_19e5482
4,0014cfdf.jpg,w_f22f3e3
5,0025e8c2.jpg,w_8b1ca89
6,0026a8ab.jpg,w_eaad6a8
7,0035632e.jpg,w_3d0bc7a
8,0037e7d3.jpg,w_50db782
9,00389cd7.jpg,w_2863d51
10,0042dcc4.jpg,w_6dc7db6
11,0042ea34.jpg,w_968f2ca
12,00467ae9.jpg,w_fd1cb9d
13,004a97f3.jpg,w_60759c2
14,004c5fb9.jpg,w_ab6bb0a
15,005c57e7.jpg,w_79b42cd
16,006d0aaf.jpg,w_c9ba30c
17,0078af23.jpg,w_e6ec8ee
18,008809b5.jpg,w_7e5cc5e
19,008baccf.jpg,w_ab6db0f
20,0091c92b.jpg,w_bc8d634
21,009dca38.jpg,w_b59c523
22,00a29f63.jpg,w_2850471
23,00ab018e.jpg,w_51969d2
24,00ac0e86.jpg,w_4be8a3e
25,00acb5a9.jpg,w_c0cfd5b
26,00af84d8.jpg,w_339c8ae
27,00b2c0cd.jpg,w_7c7a78c
28,00b588d6.jpg,w_25871da
29,00b7de10.jpg,w_97f5054
30,00be7f73.jpg,w_6926f08
31,00be9148.jpg,w_9c70a11
32,00cf7bd3.jpg,w_8e4abc9
33,00d3d48c.jpg,w_222dcb7
34,00d6b82e.jpg,w_36a4e8b
35,00eab0e6.jpg,w_886257d
36,00ec0dcd.jpg,w_a2eb1bb
37,00f22419.jpg,w_2ac8b4d
38,00f4c92c.jpg,w_9ea2cc3
39,0101d22b.jpg,w_af67683
40,010ecbb5.jpg,w_7b3f9d1
41,010f1fe2.jpg,w_effd0ea
42,011904f8.jpg,w_96b697f
43,01228da4.jpg,w_51969d2
44,01274a1e.jpg,w_c07f119
45,01321d88.jpg,w_685466f
46,01496f0b.jpg,w_04c1951
47,0162c72f.jpg,w_307065e
48,01679a6d.jpg,w_b4369cc
49,01692e13.jpg,w_2173953
50,0171d221.jpg,w_27cf4e2
51,0175c4c1.jpg,w_aed023d
52,017ec31f.jpg,w_af8cad1
53,018722ca.jpg,w_a837660
54,018f26da.jpg,w_4e68ddc
55,01981e98.jpg,w_f19faeb
56,019cd867.jpg,w_0ead9d7
57,01aaa81a.jpg,w_8c1ec28
58,01b83639.jpg,w_7ef90f7
59,01bd341c.jpg,w_88e5933
60,01be6c48.jpg,w_f18df18
61,01c11eaf.jpg,w_0a71e87
62,01c28f3b.jpg,w_f663b5e
63,01cf1430.jpg,w_03f060f
64,01d117c5.jpg,w_f2e9eb1
65,01d4467a.jpg,w_4114553
66,01d890d8.jpg,w_4fdaa2a
67,01daeb5a.jpg,w_55d6c4f
68,01dd608b.jpg,w_12c3d3d
69,01e25788.jpg,w_e74980b
70,01e37453.jpg,w_778ee6e
71,01e490cf.jpg,w_4b1fad6
72,01ec6749.jpg,w_1c32062
73,01ed89f6.jpg,w_67de30b
74,01f17a15.jpg,w_656afeb
75,020028b2.jpg,w_0de84f0
76,02012946.jpg,w_9e559ff
77,02073b87.jpg,w_392bee3
78,0217abfb.jpg,w_2c6fe6f
79,021dc6ac.jpg,w_5384c57
80,02239d12.jpg,w_e115a81
81,0237ca7a.jpg,w_8ba2066
82,024144e5.jpg,w_0f16be3
83,0243ca95.jpg,w_b729b1f
84,02453c9f.jpg,w_b074cdf
85,024c6d37.jpg,w_73cbacd
86,0252337b.jpg,w_e05ee50
87,02529c95.jpg,w_69f4311
88,02558f3a.jpg,w_4e68ddc
89,025c0ecb.jpg,w_4fd48e7
90,025fd2ea.jpg,w_7276f4b
91,02608d7a.jpg,w_93bf889
92,0260c382.jpg,w_d142b00
93,0267139c.jpg,w_e156c87
94,028d2ff2.jpg,w_5297ab3
95,02916b71.jpg,w_73d5489
96,02a12b73.jpg,w_6202983
97,02a66def.jpg,w_b14007c
98,02a783c8.jpg,w_2a939eb
99,02af1aa3.jpg,w_5624f08
100,02c8235c.jpg,w_e59a1f0
101,02c82510.jpg,w_a8b5c0f
102,02cf6a52.jpg,w_a1b985a
103,02cff75e.jpg,w_913a2ad
104,02d235f7.jpg,w_511c464
105,02e6188b.jpg,w_d3c8520
106,02ea0810.jpg,w_6e8486d
107,02ed3e6d.jpg,w_18df014
108,03034d4c.jpg,w_b074cdf
109,0316f962.jpg,w_96b8436
110,0317dee0.jpg,w_656afeb
111,031c75ef.jpg,w_681dba6
112,0320e985.jpg,w_7049d9f
113,0323fcfc.jpg,w_cd22b23
114,03282162.jpg,w_0b3c02c
115,0331d7a8.jpg,w_e8ca955
116,03322101.jpg,w_9b401eb
117,0344cc34.jpg,w_fea7fe6
118,03500d61.jpg,w_e07f3d1
119,0354d93d.jpg,w_1d2fbc1
120,0356c5ed.jpg,w_8c1ec28
121,035ab2b4.jpg,w_da0b8b5
122,0360c040.jpg,w_ccca0db
123,0365b421.jpg,w_a4f77bd
124,036bad0a.jpg,w_711aaa1
125,0375c878.jpg,w_9ae554b
126,0376d91d.jpg,w_1274a11
127,0387bc35.jpg,w_9dcf002
128,03910800.jpg,w_d88328d
129,0397dbdb.jpg,w_125095f
130,039b1c58.jpg,w_8b22583
131,03a3593c.jpg,w_6b82ccc
132,03b4ea17.jpg,w_9562910
133,03b5f4e4.jpg,w_1febbf3
134,03c696a6.jpg,w_3d0bc7a
135,03cb4f5d.jpg,w_7ad249d
136,03d0f974.jpg,w_cf3c233
137,03e8e963.jpg,w_eb8429c
138,03f158af.jpg,w_c11932e
139,03f8476f.jpg,w_c9e1cdc
140,03f8cf5a.jpg,w_b8f8e69
141,03fb2408.jpg,w_e3b2cfa
142,03fbb4cb.jpg,w_71c7322
143,03fe05bc.jpg,w_3621c49
144,0400ccee.jpg,w_bc62c0e
145,040860f2.jpg,w_33909b8
146,040898fc.jpg,w_a31aa30
147,040c1cd4.jpg,w_717a293
148,040d8913.jpg,w_44f66a7
149,040e5bd6.jpg,w_86b3de4
150,04182994.jpg,w_ba1befb
151,041e7370.jpg,w_4fa1bd5
152,0422010d.jpg,w_379ba08
153,042fa04b.jpg,w_c708776
154,0435e09a.jpg,w_01cbcbf
155,043a5625.jpg,w_962164f
156,0444f67e.jpg,w_c926fc3
157,0453720f.jpg,w_5c62a56
158,04559a53.jpg,w_379785d
159,0466ed01.jpg,w_8420f42
160,0471a6a7.jpg,w_2c51d33
161,047b1d89.jpg,w_b34793e
162,048578f5.jpg,w_4fdaa2a
163,0485c4c1.jpg,w_bf14813
164,04867dab.jpg,w_5cb5fc3
165,0489f7e2.jpg,w_b2f1afa
166,048b9040.jpg,w_5b99089
167,04928fa7.jpg,w_2fe43c7
168,0496e682.jpg,w_fd1cb9d
169,04a91387.jpg,w_eec1133
170,04aaf2f9.jpg,w_3dd1a87
171,04b16181.jpg,w_b83b069
172,04b3714e.jpg,w_37dd956
173,04b88a95.jpg,w_302af0a
174,04c06689.jpg,w_47d2bc6
175,04c5ec77.jpg,w_f546b0a
176,04c73b64.jpg,w_9d5f5cc
177,04cdb743.jpg,w_ad8bc47
178,04ce734a.jpg,w_09d7946
179,04cee0bd.jpg,w_7523d74
180,04d1f994.jpg,w_9d48bcf
181,04d2b8a3.jpg,w_9ea2cc3
182,04d69405.jpg,w_1894a1c
183,04dd6cc6.jpg,w_3197568
184,04e5cc2b.jpg,w_5297ab3
185,04eff153.jpg,w_a85a3c9
186,04fa6285.jpg,w_b6efe77
187,04fcc7f0.jpg,w_1d53d9c
188,0504d072.jpg,w_a71aa99
189,0504e8f8.jpg,w_67de30b
190,05071be3.jpg,w_c9dd32e
191,0512b13b.jpg,w_95874a5
192,0523d3a2.jpg,w_a18d0dc
193,0525ae51.jpg,w_1029f4e
194,0528bc43.jpg,w_8464638
195,05293254.jpg,w_d6e437d
196,052f5378.jpg,w_5d86dc6
197,05330b65.jpg,w_2341d0a
198,0534772d.jpg,w_7f867ec
199,0545526f.jpg,w_da63cba
200,054c4923.jpg,w_f8cd6b6
201,05500217.jpg,w_db0ad01
202,05510761.jpg,w_0f54cdf
203,05562539.jpg,w_a91b997
204,055b8460.jpg,w_af5d11a
205,05651187.jpg,w_3aa2073
206,0566b8e8.jpg,w_e4971dc
207,056b05e2.jpg,w_fb94a5a
208,057644d1.jpg,w_7c6ad05
209,057ce740.jpg,w_e158680
210,057d24dd.jpg,w_cf3c233
211,058147c9.jpg,w_222dcb7
212,05859f6e.jpg,w_5a29f9d
213,05898b05.jpg,w_b318111
214,0594a048.jpg,w_7ab1759
215,0595cef3.jpg,w_296749b
216,05a1c013.jpg,w_b5144b0
217,05cc223e.jpg,w_a2a1378
218,05d10f3f.jpg,w_41fa033
219,05d402e7.jpg,w_b2d937a
220,05d87e8f.jpg,w_cae7677
221,05eb989c.jpg,w_13c6b6b
222,05ebc21b.jpg,w_b942708
223,05edf5e5.jpg,w_19ca2c6
224,05ef7149.jpg,w_bcb0696
225,05f7a40d.jpg,w_0324b97
226,05fffe26.jpg,w_a8e5d39
227,0603a403.jpg,w_1287fbc
228,060999c4.jpg,w_5aa4856
229,06127f81.jpg,w_980bb1a
230,06176b42.jpg,w_dbf4e7f
231,0617f982.jpg,w_7554f44
232,06252a55.jpg,w_b688397
233,06256148.jpg,w_53859b2
234,0629271e.jpg,w_65e2424
235,06395c21.jpg,w_4d358e5
236,0639d07c.jpg,w_3f907d6
237,063acadc.jpg,w_5c07f42
238,063e62a9.jpg,w_845f7ca
239,064d2674.jpg,w_a66b2a5
240,06562b7d.jpg,w_0471bdf
241,06590146.jpg,w_898eb3b
242,065de1f0.jpg,w_40be51f
243,06654cf5.jpg,w_94e1ed4
244,066860e3.jpg,w_6c2d7ea
245,06709a5b.jpg,w_b9ee5ec
246,068a256b.jpg,w_79cde72
247,068ddcd9.jpg,w_b96d4e0
248,069d05ca.jpg,w_8f2fb79
249,069e0d01.jpg,w_6398e9d
250,06a2edf4.jpg,w_ccfdb00
251,06ab0bdc.jpg,w_1a70685
252,06b3fe4d.jpg,w_0e7cb1c
253,06b55250.jpg,w_af18c29
254,06b62519.jpg,w_5dc1c2d
255,06bd0e02.jpg,w_80171b9
256,06bdc5d1.jpg,w_1eafe46
257,06bfa037.jpg,w_a14ccaa
258,06c0c5b6.jpg,w_dee6441
259,06c5c28e.jpg,w_f8e6546
260,06cbdaa5.jpg,w_992c775
261,06cf4233.jpg,w_7f0700f
262,06d7be52.jpg,w_1a229eb
263,06e3e8b5.jpg,w_046634b
264,06e43d7a.jpg,w_1dff010
265,06e5ca1c.jpg,w_bb79fb8
266,06e8a669.jpg,w_d1bbde9
267,06ed0f2e.jpg,w_ff7630a
268,06f3adae.jpg,w_98baff9
269,06f3cbf8.jpg,w_fc433f7
270,06ffe77b.jpg,w_6ba46a1
271,0701d937.jpg,w_fcdc898
272,0705d206.jpg,w_f63d8b0
273,070e6c95.jpg,w_15d7ecf
274,0727715c.jpg,w_aa7a302
275,0739fcdc.jpg,w_1917275
276,0745ef3f.jpg,w_18a1bf2
277,07480326.jpg,w_989fbbb
278,0749d9c2.jpg,w_71c7322
279,074ceb3f.jpg,w_0b3b659
280,074f068b.jpg,w_d96a0cd
281,0753654f.jpg,w_2e42cc0
282,075a3b48.jpg,w_d6a6360
283,076f28ee.jpg,w_0f8b515
284,0774e535.jpg,w_517a3bc
285,07860ce9.jpg,w_bbd9409
286,0797d002.jpg,w_6871147
287,07992508.jpg,w_0466071
288,079e4dad.jpg,w_2486665
289,07a2d97d.jpg,w_654a5bb
290,07a49e8f.jpg,w_4e52a49
291,07a58418.jpg,w_4e7fc3e
292,07a5d734.jpg,w_3320e76
293,07a7b921.jpg,w_cf3c233
294,07aa9e43.jpg,w_ad6edbe
295,07b68012.jpg,w_25fdcfb
296,07b74c39.jpg,w_a837660
297,07b7d9ca.jpg,w_d0e5d1d
298,07b8b278.jpg,w_0d39a68
299,07be1da5.jpg,w_b9c9129
300,07c0c8c2.jpg,w_ec354a5
301,07c2def7.jpg,w_b8f8e69
302,07c4cbbd.jpg,w_a7d4668
303,07c94f4a.jpg,w_a526492
304,07ca5dfa.jpg,w_44a6b62
305,07e96de0.jpg,w_7307089
306,07eee8cb.jpg,w_f0612be
307,07f13540.jpg,w_0b0d88d
308,07f4cb9a.jpg,w_df82632
309,08082d1f.jpg,w_9c5ed68
310,080897a7.jpg,w_f6086ac
311,080fd2a9.jpg,w_aeca19c
312,081a21e1.jpg,w_dbda0d6
313,081e9ebb.jpg,w_fba3bde
314,081ec076.jpg,w_c13a4e3
315,0820bf9e.jpg,w_1dc6d62
316,08245860.jpg,w_6d17527
317,08254c44.jpg,w_eb44149
318,082d754a.jpg,w_cd70e8b
319,08341514.jpg,w_41901e5
320,0841855c.jpg,w_7e841fa
321,08476cf8.jpg,w_60c5ba0
322,084a3e34.jpg,w_cf00b01
323,08527158.jpg,w_dcb4be9
324,08593f8e.jpg,w_a965f14
325,085e1213.jpg,w_9072f07
326,0868ded1.jpg,w_1489751
327,086b3f1f.jpg,w_e3c119c
328,0870fa6b.jpg,w_ba8c7bc
329,087495e6.jpg,w_ff70408
330,088cc3cc.jpg,w_98baff9
331,089ab9b8.jpg,w_50e125b
332,089f0ba9.jpg,w_639aed5
333,08a1088e.jpg,w_cd70e8b
334,08a3857b.jpg,w_bb2d34d
335,08a8809b.jpg,w_79774a5
336,08b158fd.jpg,w_77e1ae3
337,08b4be31.jpg,w_27da7aa
338,08b4e3a7.jpg,w_b074cdf
339,08b64b7c.jpg,w_d47e2e3
340,08b9dae5.jpg,w_90f5d3b
341,08c242be.jpg,w_98413c8
342,08d15c2a.jpg,w_7bcc2d6
343,08d31d59.jpg,w_40e3ee7
344,08d3778f.jpg,w_5126776
345,08ea7e5e.jpg,w_269b090
346,08f30112.jpg,w_92d55a6
347,08fc2ceb.jpg,w_95874a5
348,0900fbae.jpg,w_655bba3
349,0913e33a.jpg,w_9621342
350,09166955.jpg,w_8c3db0a
351,091dc8dc.jpg,w_2fcb559
352,09239cbc.jpg,w_bf4880a
353,092ddfd3.jpg,w_0b04c08
354,093d43ac.jpg,w_989fbbb
355,0942db2a.jpg,w_f792125
356,095e2b1a.jpg,w_b6c4efa
357,09657e55.jpg,w_c71bf0e
358,096a26de.jpg,w_6c803bf
359,096aa6d9.jpg,w_dbda0d6
360,096f4caa.jpg,w_2b443f8
361,09783e8c.jpg,w_290f82b
362,097f138b.jpg,w_9948a99
363,09824683.jpg,w_2b28681
364,09827e32.jpg,w_0a565c5
365,098da275.jpg,w_b1d054c
366,099035b0.jpg,w_d28208f
367,0993be71.jpg,w_c00534d
368,099d6571.jpg,w_87cb6bd
369,09a3fd95.jpg,w_57c14db
370,09a40708.jpg,w_6e742e5
371,09b39d03.jpg,w_3b5403b
372,09b893e6.jpg,w_4b7b80b
373,09cf3d9b.jpg,w_5c59d12
374,09e5ed31.jpg,w_fe96bef
375,09f70419.jpg,w_3278f8c
376,09f88db2.jpg,w_ce9b95e
377,0a0b2a01.jpg,w_0a0cf7d
378,0a0bc259.jpg,w_06b6f60
379,0a14e622.jpg,w_c786765
380,0a22ee49.jpg,w_7cca153
381,0a254aa7.jpg,w_9b401eb
382,0a29c0d2.jpg,w_7e5cc5e
383,0a341eef.jpg,w_613723e
384,0a342e77.jpg,w_8cf18ac
385,0a3b0493.jpg,w_0acce53
386,0a3b5971.jpg,w_33fc58d
387,0a3dbc55.jpg,w_8201aa8
388,0a4e0385.jpg,w_480b2d4
389,0a552569.jpg,w_462a117
390,0a5c0f48.jpg,w_a59905f
391,0a60ed9d.jpg,w_2811cea
392,0a68446c.jpg,w_71c7322
393,0a698a67.jpg,w_b678944
394,0a6be385.jpg,w_a913945
395,0a70aa2d.jpg,w_c622a3f
396,0a81a170.jpg,w_17136dc
397,0a904007.jpg,w_73d5489
398,0a96b20e.jpg,w_3cf3853
399,0a96d8c0.jpg,w_8963cff
400,0aa416d8.jpg,w_5624f08
401,0aa7b03e.jpg,w_5f68f56
402,0ab00a28.jpg,w_7104905
403,0acce63b.jpg,w_7554f44
404,0ae14ed7.jpg,w_8103039
405,0ae69f1e.jpg,w_ef89b72
406,0ae90da3.jpg,w_83e0203
407,0aef7efd.jpg,w_02c2248
408,0afa74a8.jpg,w_29c9595
409,0b0138cb.jpg,w_8533569
410,0b02fbcd.jpg,w_0e96943
411,0b101019.jpg,w_a533837
412,0b142906.jpg,w_f9d27ad
413,0b17a3bc.jpg,w_640f91d
414,0b1d25f5.jpg,w_a2a1378
415,0b1e39ff.jpg,w_0d48a7d
416,0b23f8c1.jpg,w_32037e2
417,0b255c73.jpg,w_48bcad8
418,0b31b634.jpg,w_8459e39
419,0b32e254.jpg,w_9d136ff
420,0b352859.jpg,w_f8e6546
421,0b43e675.jpg,w_eb0a6ed
422,0b4694ad.jpg,w_35c8057
423,0b4e02f3.jpg,w_58c3bf9
424,0b673ec4.jpg,w_70715c1
425,0b6f6990.jpg,w_693c9ee
426,0b708127.jpg,w_981a39b
427,0b7b7f00.jpg,w_1c2fb13
428,0b7dbf66.jpg,w_97f5054
429,0ba015bb.jpg,w_acee288
430,0ba20dd3.jpg,w_569c2c7
431,0ba82fe7.jpg,w_aaf443d
432,0ba97567.jpg,w_a1fe45d
433,0bab8224.jpg,w_fa32440
434,0bad785d.jpg,w_67e6b75
435,0baeeb07.jpg,w_3fffc61
436,0baf0dcb.jpg,w_505a141
437,0bc1562c.jpg,w_0ea659e
438,0bc17b0e.jpg,w_aa446ad
439,0bc48856.jpg,w_5e04db0
440,0bc914f7.jpg,w_b066aa6
441,0bcd5dea.jpg,w_347b648
442,0bd0a563.jpg,w_0899118
443,0bd8ff0b.jpg,w_f6d32e2
444,0bde3564.jpg,w_1eafe46
445,0be30752.jpg,w_2071a4c
446,0beb8899.jpg,w_6af9dd7
447,0c09bf79.jpg,w_849b126
448,0c0f34f2.jpg,w_f5cc2fd
449,0c1155bb.jpg,w_414f402
450,0c222bc2.jpg,w_7028d77
451,0c290363.jpg,w_b29214f
452,0c35fcb4.jpg,w_7028d77
453,0c38a6b4.jpg,w_4c9d3df
454,0c4f7a83.jpg,w_1090920
455,0c575867.jpg,w_ef2f0f0
456,0c589ccc.jpg,w_b074cdf
457,0c5de573.jpg,w_47d2bc6
458,0c6170eb.jpg,w_a646643
459,0c61dbc6.jpg,w_9967edd
460,0c64ae81.jpg,w_c13a4e3
461,0c6542fe.jpg,w_a21cc97
462,0c6aea15.jpg,w_5a6d315
463,0c6c9b3c.jpg,w_a21cc97
464,0c6eb67b.jpg,w_680e011
465,0c7e35b0.jpg,w_96c141f
466,0c814951.jpg,w_02fce90
467,0c85c12f.jpg,w_26dd948
468,0c86b603.jpg,w_d8f848c
469,0c8baedc.jpg,w_d224115
470,0c8def46.jpg,w_e0e133a
471,0ca67fe7.jpg,w_fcd8828
472,0ca843f9.jpg,w_5a0d250
473,0caa3541.jpg,w_dc89c4c
474,0cac8109.jpg,w_cece268
475,0cc88b7c.jpg,w_ba53619
476,0cca82c9.jpg,w_1274a11
477,0ccdded0.jpg,w_c103b25
478,0ccf9364.jpg,w_0d48a7d
479,0cdc3e24.jpg,w_b6a95e0
480,0ceba3ce.jpg,w_4ec7c66
481,0cef66af.jpg,w_f9a09c6
482,0cf59b47.jpg,w_6d274b2
483,0cf7c91e.jpg,w_6f580eb
484,0d01adda.jpg,w_07e92ee
485,0d06e4da.jpg,w_0853262
486,0d0840cf.jpg,w_ceffa10
487,0d10afed.jpg,w_851a7f4
488,0d17373d.jpg,w_49b425b
489,0d20a02f.jpg,w_1596a47
490,0d2110ff.jpg,w_398aa7f
491,0d21dc39.jpg,w_8a3449f
492,0d26960d.jpg,w_6992521
493,0d32dfc5.jpg,w_8fb79a2
494,0d45d434.jpg,w_3d0bc7a
495,0d4804fe.jpg,w_3f907d6
496,0d4e8a7e.jpg,w_9989964
497,0d614401.jpg,w_18a854b
498,0d62e654.jpg,w_b074f5e
499,0d6978c3.jpg,w_eff7e35
500,0d6c23c0.jpg,w_01c2cb0
501,0d6e8874.jpg,w_1e31d24
502,0d726185.jpg,w_a7d4668
503,0d8a9dda.jpg,w_8de6989
504,0d8cb5d6.jpg,w_3350425
505,0dab2960.jpg,w_3b0894d
506,0dacddec.jpg,w_3d0bc7a
507,0db4410f.jpg,w_ba39446
508,0dbbc244.jpg,w_a22afc6
509,0dc4a773.jpg,w_5c6215c
510,0dd07e82.jpg,w_83b2cab
511,0dd0edf4.jpg,w_94cd45e
512,0dd507d3.jpg,w_fd07344
513,0dd5c3ed.jpg,w_a837660
514,0df64f08.jpg,w_7ed3719
515,0df89aea.jpg,w_28ce17c
516,0df9e124.jpg,w_3c2ec7a
517,0dfa5cd6.jpg,w_2fd21ec
518,0e073d29.jpg,w_549fbeb
519,0e137419.jpg,w_823fcbb
520,0e13c663.jpg,w_23dce10
521,0e241828.jpg,w_ab161f7
522,0e2477a6.jpg,w_0793503
523,0e24fbcc.jpg,w_a34c992
524,0e267188.jpg,w_f4e0748
525,0e2bee83.jpg,w_77e1d3f
526,0e317827.jpg,w_eb0a6ed
527,0e400a28.jpg,w_4696a5a
528,0e46bc37.jpg,w_c2580ef
529,0e4e6449.jpg,w_63d10a1
530,0e5b550e.jpg,w_64d8a6d
531,0e5ce2da.jpg,w_b721e96
532,0e672fdd.jpg,w_66c1b54
533,0e6c8888.jpg,w_a0fc1a7
534,0e74c12b.jpg,w_2d29ddd
535,0e861f4b.jpg,w_b96d4e0
536,0e87967f.jpg,w_330f897
537,0e891ec9.jpg,w_f8c3a63
538,0e8c8c34.jpg,w_4855bd3
539,0e8ce258.jpg,w_9291cdf
540,0e923527.jpg,w_a5a13d0
541,0e9ccb74.jpg,w_9b4a5df
542,0e9ed45b.jpg,w_f546b0a
543,0ea56c4c.jpg,w_fa96a3d
544,0eb0a241.jpg,w_38e4aae
545,0ebcc0a9.jpg,w_3fc7f1e
546,0ec24624.jpg,w_3d12652
547,0ec2e3e8.jpg,w_b6301f8
548,0ef0f16e.jpg,w_d6e437d
549,0f257eb1.jpg,w_681dba6
550,0f611096.jpg,w_1c32062
551,0fa2da8f.jpg,w_97f5054
552,0fc584fc.jpg,w_a14ccaa
553,1096db60.jpg,w_c9e1cdc
554,11402db3.jpg,w_77e1d3f
555,1140d92c.jpg,w_685466f
556,114903fe.jpg,w_511c464
557,11b936ab.jpg,w_8c1ec28
558,11de8601.jpg,w_f18df18
559,11f6378a.jpg,w_fb94a5a
560,126e4422.jpg,w_e59a1f0
561,12764cf2.jpg,w_7c7a78c
562,1288c6eb.jpg,w_654a5bb
563,12a52f1e.jpg,w_6c803bf
564,12a7ea87.jpg,w_1596a47
565,12b9154a.jpg,w_f8e6546
566,12c67e49.jpg,w_38e4aae
567,12ed4d0a.jpg,w_b678944
568,13503533.jpg,w_1287fbc
569,135ce2b2.jpg,w_4e52a49
570,136c4d20.jpg,w_13c6b6b
571,1382e96f.jpg,w_f19faeb
572,13b9145e.jpg,w_44a6b62
573,13d23cf5.jpg,w_c622a3f
574,13d7baad.jpg,w_90f5d3b
575,13f88da0.jpg,w_98baff9
576,141eed20.jpg,w_fba3bde
577,142364d6.jpg,w_4b7b80b
578,145b601f.jpg,w_ceffa10
579,14992967.jpg,w_f4e0748
580,14da8bcd.jpg,w_6202983
581,14f8c2ec.jpg,w_95874a5
582,15bdbe1a.jpg,w_693c9ee
583,15ed7f1e.jpg,w_4c9d3df
584,15f5270e.jpg,w_1596a47
585,15ffb96b.jpg,w_d0e5d1d
586,161b722a.jpg,w_9ea2cc3
587,1630467f.jpg,w_aeca19c
588,16812a1e.jpg,w_8201aa8
589,169f97c9.jpg,w_7e5cc5e
590,173ffdef.jpg,w_b8f8e69
591,17767046.jpg,w_dbda0d6
592,178395e6.jpg,w_44a6b62
593,17e511e6.jpg,w_48bcad8
594,17e728c5.jpg,w_f18df18
595,182ec5b9.jpg,w_fa32440
596,183cc72b.jpg,w_bb2d34d
597,184cf2e4.jpg,w_296749b
598,188446bc.jpg,w_f19faeb
599,18a71917.jpg,w_bcb0696
600,192a4606.jpg,w_0de84f0
601,193ae7a0.jpg,w_5297ab3
602,19554520.jpg,w_e156c87
603,1974ae44.jpg,w_6202983
604,198de7b5.jpg,w_0466071
605,19cabba3.jpg,w_b942708
606,19e0037d.jpg,w_3d0bc7a
607,19e2b8fd.jpg,w_2071a4c
608,19e3cbdd.jpg,w_cae7677
609,1a36b244.jpg,w_9621342
610,1a9f2a01.jpg,w_5297ab3
611,1ac3567c.jpg,w_7104905
612,1ae3f511.jpg,w_95874a5
613,1b089ea6.jpg,w_4855bd3
614,1b23736c.jpg,w_a59905f
615,1b2d698e.jpg,w_6f580eb
616,1ba8fdf7.jpg,w_302af0a
617,1bfd386e.jpg,w_693c9ee
618,1c2e3696.jpg,w_da2efe0
619,1c4f6efe.jpg,w_fd1cb9d
620,1cbfb4e4.jpg,w_9ea2cc3
621,1d5bd8f0.jpg,w_3197568
622,1d8e06fb.jpg,w_fba3bde
623,1da442d8.jpg,w_2fd21ec
624,1e0d9e64.jpg,w_67de30b
625,1e5c6493.jpg,w_b96d4e0
626,1e976db7.jpg,w_73d5489
627,1ec5aebf.jpg,w_4855bd3
628,1f2913e3.jpg,w_1287fbc
629,1f36e7b8.jpg,w_4855bd3
630,1f9081d6.jpg,w_98baff9
631,1fa625f2.jpg,w_4fdaa2a
632,1fb990d1.jpg,w_f19faeb
633,1fbf0d71.jpg,w_613723e
634,1fce1ff8.jpg,w_40e3ee7
635,1fe58f01.jpg,w_48bcad8
636,1ffa9a00.jpg,w_c00534d
637,201864d7.jpg,w_886257d
638,202952b6.jpg,w_6c803bf
639,20594d9d.jpg,w_b96d4e0
640,2065a907.jpg,w_98baff9
641,2091af92.jpg,w_37dd956
642,20c0159d.jpg,w_1a70685
643,20f2aeb0.jpg,w_73d5489
644,21452666.jpg,w_1d53d9c
645,21725194.jpg,w_1febbf3
646,21dbd961.jpg,w_b074cdf
647,2217bebd.jpg,w_f19faeb
648,221a5122.jpg,w_f792125
649,2274f7f8.jpg,w_37dd956
650,227ac6ba.jpg,w_cae7677
651,22a9606a.jpg,w_fd1cb9d
652,22eb0560.jpg,w_fc433f7
653,23625ee7.jpg,w_73d5489
654,240180f3.jpg,w_77e1d3f
655,241c81e3.jpg,w_5dc1c2d
656,2426615c.jpg,w_fba3bde
657,2465b35b.jpg,w_8c1ec28
658,247a5f40.jpg,w_a59905f
659,248dd355.jpg,w_98baff9
660,2496a4a9.jpg,w_a965f14
661,24cd047f.jpg,w_b29214f
662,24f6e6c4.jpg,w_b678944
663,24fc4af0.jpg,w_9989964
664,25330ad1.jpg,w_4855bd3
665,25577809.jpg,w_fd1cb9d
666,256e3c20.jpg,w_a14ccaa
667,25910b6f.jpg,w_0e7cb1c
668,25a938fb.jpg,w_9948a99
669,25cc33d1.jpg,w_511c464
670,25e1fd5f.jpg,w_4be8a3e
671,25e4186d.jpg,w_eec1133
672,2670777e.jpg,w_711aaa1
673,276568b5.jpg,w_0f16be3
674,2767386a.jpg,w_2863d51
675,27ea48a8.jpg,w_8459e39
676,27fecff5.jpg,w_aa7a302
677,28405ee2.jpg,w_1eafe46
678,28781a20.jpg,w_5c62a56
679,28909643.jpg,w_392bee3
680,28fe2871.jpg,w_1eafe46
681,28ff06e7.jpg,w_da2efe0
682,2905ccf8.jpg,w_0e96943
683,294ddef1.jpg,w_eff7e35
684,29b159bd.jpg,w_7c7a78c
685,29bed7ef.jpg,w_480b2d4
686,2a1694a4.jpg,w_0ead9d7
687,2a2ecd4b.jpg,w_a18d0dc
688,2a52458f.jpg,w_fd1cb9d
689,2a6a2abe.jpg,w_6202983
690,2a9a0827.jpg,w_8ba2066
691,2ae84e50.jpg,w_6af9dd7
692,2af4d9b7.jpg,w_fea7fe6
693,2b354b5d.jpg,w_13c6b6b
694,2b5634b6.jpg,w_fba3bde
695,2be145b2.jpg,w_eec1133
696,2c2a91c0.jpg,w_1a229eb
697,2c3889d4.jpg,w_0f54cdf
698,2c3b34a3.jpg,w_1287fbc
699,2c3e707c.jpg,w_a837660
700,2c414635.jpg,w_ba39446
701,2c4813a1.jpg,w_1287fbc
702,2c4b238b.jpg,w_e3c119c
703,2c70f875.jpg,w_b34793e
704,2c9b953c.jpg,w_c11932e
705,2cc4e686.jpg,w_0b04c08
706,2cf384f7.jpg,w_1eafe46
707,2cf825b8.jpg,w_9b401eb
708,2d1f2fd3.jpg,w_da2efe0
709,2dc1642d.jpg,w_f19faeb
710,2e3d5871.jpg,w_b9ee5ec
711,2e9d2677.jpg,w_71c7322
712,2ea9de7a.jpg,w_ba53619
713,2f1b1a58.jpg,w_53859b2
714,2f45cc3f.jpg,w_98baff9
715,2f67d035.jpg,w_1a70685
716,2f7f3636.jpg,w_8ba2066
717,2fbfd185.jpg,w_b9c9129
718,2fd57631.jpg,w_4c9d3df
719,2fdd14f7.jpg,w_fd1cb9d
720,300806a1.jpg,w_569c2c7
721,301d296b.jpg,w_95874a5
722,3033ec6e.jpg,w_392bee3
723,3050c5de.jpg,w_eb0a6ed
724,3054d682.jpg,w_0acce53
725,30c0f272.jpg,w_9ea2cc3
726,30f713df.jpg,w_aeca19c
727,30fd58e5.jpg,w_5c6215c
728,3109f101.jpg,w_e3c119c
729,31445067.jpg,w_3621c49
730,3165dbbe.jpg,w_b678944
731,319c1aa8.jpg,w_2d29ddd
732,31f67427.jpg,w_95874a5
733,3211e4c2.jpg,w_4d358e5
734,322400fe.jpg,w_9ea2cc3
735,323aa1f6.jpg,w_96c141f
736,3322aa7c.jpg,w_b29214f
737,33374e14.jpg,w_2850471
738,33bdda74.jpg,w_94e1ed4
739,3440deea.jpg,w_d88328d
740,34486500.jpg,w_b074cdf
741,3450cdef.jpg,w_d88328d
742,346f16c9.jpg,w_654a5bb
743,34881b32.jpg,w_9b401eb
744,34cda315.jpg,w_1a229eb
745,34f1fcc2.jpg,w_8459e39
746,3503121d.jpg,w_fa32440
747,352d8e07.jpg,w_a2eb1bb
748,3535398b.jpg,w_6e8486d
749,3551fc12.jpg,w_d6a6360
750,356a0f87.jpg,w_711aaa1
751,3570b0ec.jpg,w_c708776
752,35748783.jpg,w_e74980b
753,35c8e1ba.jpg,w_989fbbb
754,35dbbdd4.jpg,w_3b0894d
755,360be140.jpg,w_c622a3f
756,36165858.jpg,w_5c6215c
757,362218d3.jpg,w_2071a4c
758,36e45ae5.jpg,w_511c464
759,3702efff.jpg,w_2a939eb
760,372b6a7c.jpg,w_a2a1378
761,37b38907.jpg,w_2fe43c7
762,37ba390e.jpg,w_4fd48e7
763,3828532e.jpg,w_693c9ee
764,38313189.jpg,w_222dcb7
765,383eb5a3.jpg,w_7554f44
766,38769ba1.jpg,w_693c9ee
767,38bdae1b.jpg,w_47d2bc6
768,38ee81ee.jpg,w_fa32440
769,395aa4d6.jpg,w_bc8d634
770,395eafc8.jpg,w_53859b2
771,396831f2.jpg,w_654a5bb
772,39885be8.jpg,w_5b99089
773,39bb43c9.jpg,w_f18df18
774,39dc989e.jpg,w_398aa7f
775,39ff73b1.jpg,w_a59905f
776,3a010137.jpg,w_b6a95e0
777,3a32c24d.jpg,w_18df014
778,3a659e09.jpg,w_98baff9
779,3ae7b2e7.jpg,w_c9e1cdc
780,3bbb907b.jpg,w_73d5489
781,3c2540c3.jpg,w_86b3de4
782,3c5412bd.jpg,w_7c7a78c
783,3cb1fd98.jpg,w_9b401eb
784,3cb6e88b.jpg,w_1eafe46
785,3cdd7fa7.jpg,w_1287fbc
786,3cfd9ff7.jpg,w_9b401eb
787,3d08992f.jpg,w_5c07f42
788,3d529924.jpg,w_b729b1f
789,3d5c10fd.jpg,w_3197568
790,3db2b50d.jpg,w_da2efe0
791,3dc50b96.jpg,w_6d17527
792,3dcfa55e.jpg,w_693c9ee
793,3e504464.jpg,w_33fc58d
794,3e69d7da.jpg,w_2863d51
795,3e7393ae.jpg,w_8de6989
796,3e793658.jpg,w_1d53d9c
797,3ee9b8b3.jpg,w_6c803bf
798,3f0d6114.jpg,w_9948a99
799,3f3703f5.jpg,w_f8e6546
800,3f461c80.jpg,w_a59905f
801,3f4cf803.jpg,w_13c6b6b
802,3fc798e8.jpg,w_0d39a68
803,3fd23941.jpg,w_1eafe46
804,3fed5a16.jpg,w_79cde72
805,400f59b3.jpg,w_8c1ec28
806,40172c0d.jpg,w_9b401eb
807,4032a5d9.jpg,w_a533837
808,40507133.jpg,w_ba8c7bc
809,4083d9fe.jpg,w_392bee3
810,408cc669.jpg,w_c00534d
811,40abf606.jpg,w_1287fbc
812,40f298b5.jpg,w_8464638
813,414cb204.jpg,w_cd70e8b
814,417fa931.jpg,w_95874a5
815,4198fd56.jpg,w_4b7b80b
816,42025982.jpg,w_0b04c08
817,4222baf2.jpg,w_dbda0d6
818,4222f7dc.jpg,w_7554f44
819,4235f9c3.jpg,w_eb0a6ed
820,42530ad2.jpg,w_6c803bf
821,427ecca7.jpg,w_b074cdf
822,42a288b9.jpg,w_0a71e87
823,42d0ab1b.jpg,w_656afeb
824,4330d0fb.jpg,w_9ae554b
825,433a6400.jpg,w_73d5489
826,4390f29c.jpg,w_778ee6e
827,43fbabbb.jpg,w_2071a4c
828,440d5063.jpg,w_cae7677
829,441fc875.jpg,w_f19faeb
830,443f0371.jpg,w_c00534d
831,445c2164.jpg,w_1287fbc
832,44dc9e60.jpg,w_49b425b
833,44e50471.jpg,w_851a7f4
834,45147d9a.jpg,w_7ab1759
835,4531db47.jpg,w_eec1133
836,45c240e6.jpg,w_cae7677
837,4604b292.jpg,w_1287fbc
838,464abd87.jpg,w_0e96943
839,467e4991.jpg,w_7554f44
840,46803722.jpg,w_613723e
841,46aaf056.jpg,w_4e68ddc
842,46ed6998.jpg,w_47d2bc6
843,4714fef3.jpg,w_b14007c
844,4721b2f7.jpg,w_f8e6546
845,475b2bd2.jpg,w_4e52a49
846,476f249a.jpg,w_3197568
847,47e1192d.jpg,w_1eafe46
848,48267b4b.jpg,w_a913945
849,48de3384.jpg,w_ef2f0f0
850,4912deea.jpg,w_b688397
851,492df8b4.jpg,w_6ba46a1
852,496b52ff.jpg,w_98baff9
853,4996b7bc.jpg,w_35c8057
854,49a20cb8.jpg,w_98baff9
855,49f27fad.jpg,w_71c7322
856,49f2db76.jpg,w_bc62c0e
857,4a1dee2d.jpg,w_0d48a7d
858,4a87024c.jpg,w_693c9ee
859,4b0a8aa3.jpg,w_97f5054
860,4b2151f2.jpg,w_1eafe46
861,4b3a8094.jpg,w_b066aa6
862,4b4f703d.jpg,w_8c1ec28
863,4bc0b1fe.jpg,w_73d5489
864,4bd6b6f9.jpg,w_b318111
865,4be83bb0.jpg,w_fba3bde
866,4c1ee11f.jpg,w_b6c4efa
867,4c2a232b.jpg,w_18df014
868,4c65a798.jpg,w_0b3b659
869,4cb5e618.jpg,w_0d39a68
870,4cb79ce5.jpg,w_8de6989
871,4cf1386d.jpg,w_dbda0d6
872,4d818204.jpg,w_d47e2e3
873,4df42083.jpg,w_f19faeb
874,4dfbfb4f.jpg,w_7554f44
875,4e0bb1b2.jpg,w_44a6b62
876,4e20a16e.jpg,w_fd1cb9d
877,4e516705.jpg,w_d6e437d
878,4ea1d33f.jpg,w_7c7a78c
879,4ebcbc3f.jpg,w_28ce17c
880,4ec53c22.jpg,w_47d2bc6
881,4f133205.jpg,w_a91b997
882,4f2068fc.jpg,w_fd1cb9d
883,4f5dd72e.jpg,w_fd1cb9d
884,4fbec9af.jpg,w_8c1ec28
885,4fc7d00c.jpg,w_ab6db0f
886,500fa998.jpg,w_da63cba
887,50228e30.jpg,w_79b42cd
888,502c2aeb.jpg,w_90f5d3b
889,5035ed51.jpg,w_dbda0d6
890,5071f674.jpg,w_8201aa8
891,5078e9d1.jpg,w_95874a5
892,50adb480.jpg,w_2fe43c7
893,50b62a8e.jpg,w_d3c8520
894,511d1b7d.jpg,w_94cd45e
895,5122d0c7.jpg,w_fa96a3d
896,514cf008.jpg,w_1287fbc
897,519a0e8a.jpg,w_9c5ed68
898,519a8325.jpg,w_13c6b6b
899,5233abbc.jpg,w_a5a13d0
900,523fb23e.jpg,w_9ae554b
901,5244c139.jpg,w_4fd48e7
902,527461f4.jpg,w_ef89b72
903,52d3e004.jpg,w_2b443f8
904,52e77268.jpg,w_654a5bb
905,52f7efa2.jpg,w_5a0d250
906,53519e8d.jpg,w_fea7fe6
907,53c207cf.jpg,w_94cd45e
908,53ccd15c.jpg,w_1dff010
909,53edaf31.jpg,w_8c1ec28
910,5491a024.jpg,w_25871da
911,54c9b3ed.jpg,w_98baff9
912,54d6179b.jpg,w_fd07344
913,551396bb.jpg,w_eb0a6ed
914,55172674.jpg,w_fba3bde
915,5530c55a.jpg,w_7276f4b
916,557387cb.jpg,w_b96d4e0
917,55852568.jpg,w_66c1b54
918,5596e225.jpg,w_886257d
919,55aa7fa8.jpg,w_b066aa6
920,55d40209.jpg,w_94e1ed4
921,55dca6a9.jpg,w_67de30b
922,56687e48.jpg,w_67de30b
923,5684d809.jpg,w_6f580eb
924,56bf66a8.jpg,w_73d5489
925,56eb1021.jpg,w_693c9ee
926,570e93bf.jpg,w_66c1b54
927,576eb384.jpg,w_a14ccaa
928,57831620.jpg,w_6c803bf
929,57c48b77.jpg,w_398aa7f
930,57c4b915.jpg,w_bb2d34d
931,57ea3876.jpg,w_ec354a5
932,581c8a58.jpg,w_a965f14
933,5836ee51.jpg,w_8cf18ac
934,58f9e3d3.jpg,w_da0b8b5
935,59278e06.jpg,w_b83b069
936,59b5781f.jpg,w_bb2d34d
937,59d3506a.jpg,w_dbda0d6
938,59d602a4.jpg,w_1eafe46
939,5a34ae6c.jpg,w_90f5d3b
940,5a54ab49.jpg,w_fd1cb9d
941,5a6291f9.jpg,w_9b401eb
942,5a900d7d.jpg,w_70715c1
943,5ab8c69a.jpg,w_cae7677
944,5b01f303.jpg,w_9d136ff
945,5b4a682d.jpg,w_1a70685
946,5b8884bd.jpg,w_63d10a1
947,5bba3adb.jpg,w_a59905f
948,5bc7b50b.jpg,w_eb0a6ed
949,5cd2b1d5.jpg,w_693c9ee
950,5ce1fb58.jpg,w_dc89c4c
951,5ce3d86a.jpg,w_18a854b
952,5ceaabc1.jpg,w_0de84f0
953,5d055a11.jpg,w_3d0bc7a
954,5d72e57d.jpg,w_569c2c7
955,5d9fece1.jpg,w_98baff9
956,5e7cdee9.jpg,w_cf00b01
957,5f207948.jpg,w_a21cc97
958,5f3e8998.jpg,w_1dff010
959,5f7a514b.jpg,w_25871da
960,5f883b5d.jpg,w_778ee6e
961,5f8f9164.jpg,w_7c7a78c
962,5f943860.jpg,w_f19faeb
963,5fe11dcd.jpg,w_656afeb
964,605f6ed6.jpg,w_4c9d3df
965,60b2b462.jpg,w_da0b8b5
966,60dc9e20.jpg,w_ad8bc47
967,60e4e1f9.jpg,w_1eafe46
968,61082626.jpg,w_307065e
969,613539b4.jpg,w_53859b2
970,61e0678c.jpg,w_97f5054
971,627d41e8.jpg,w_6d274b2
972,634a621e.jpg,w_7554f44
973,63644a5e.jpg,w_693c9ee
974,636e2e2e.jpg,w_a59905f
975,637683b5.jpg,w_6202983
976,63b77047.jpg,w_1596a47
977,63c18173.jpg,w_a646643
978,643ae182.jpg,w_f19faeb
979,643b8c32.jpg,w_50db782
980,6463bb30.jpg,w_3aa2073
981,64d74ec8.jpg,w_c9e1cdc
982,6530809b.jpg,w_ba53619
983,6581f831.jpg,w_1c32062
984,6589835f.jpg,w_4e68ddc
985,65c8a8a1.jpg,w_a18d0dc
986,661eb202.jpg,w_c9e1cdc
987,6638fd60.jpg,w_26dd948
988,667a6ea6.jpg,w_3b0894d
989,66aa7bee.jpg,w_eb0a6ed
990,6735d573.jpg,w_b074cdf
991,67595b14.jpg,w_41fa033
992,67622472.jpg,w_73cbacd
993,67d13532.jpg,w_4e7fc3e
994,67eea0b7.jpg,w_dbda0d6
995,67f88e3e.jpg,w_778ee6e
996,6887e09f.jpg,w_18a1bf2
997,68e728c6.jpg,w_47d2bc6
998,691bd223.jpg,w_a59905f
999,694845ba.jpg,w_1eafe46
1000,697705f2.jpg,w_98baff9
1001,69a52aa0.jpg,w_fba3bde
1002,69c792a7.jpg,w_a22afc6
1003,6a179092.jpg,w_2a939eb
1004,6a1979b5.jpg,w_13c6b6b
1005,6a1edcf7.jpg,w_3cf3853
1006,6a3fac3f.jpg,w_50db782
1007,6a3fc79d.jpg,w_a59905f
1008,6a7542ac.jpg,w_7c7a78c
1009,6a89c1a0.jpg,w_3b0894d
1010,6acdcb00.jpg,w_eff7e35
1011,6b7d9349.jpg,w_ff70408
1012,6b87ac87.jpg,w_7c7a78c
1013,6bc03788.jpg,w_d6a6360
1014,6bc32ac5.jpg,w_4b7b80b
1015,6bf83e19.jpg,w_6c803bf
1016,6c0ac3c5.jpg,w_656afeb
1017,6c1f7e3f.jpg,w_f8c3a63
1018,6c3acbcc.jpg,w_1489751
1019,6c5b7a1a.jpg,w_680e011
1020,6ca26bb1.jpg,w_e6ec8ee
1021,6ccdd299.jpg,w_fa32440
1022,6cde852f.jpg,w_3621c49
1023,6ceea38b.jpg,w_a7d4668
1024,6d09c20c.jpg,w_1489751
1025,6d37a125.jpg,w_cf00b01
1026,6d5e2850.jpg,w_a21cc97
1027,6d82e3d0.jpg,w_1287fbc
1028,6dd43cff.jpg,w_693c9ee
1029,6df48636.jpg,w_f18df18
1030,6e38b2eb.jpg,w_c622a3f
1031,6eb7c487.jpg,w_ff7630a
1032,6ee7622f.jpg,w_d6a6360
1033,6f1d27f6.jpg,w_cae7677
1034,6f3b1c6d.jpg,w_da2efe0
1035,6f4a3b50.jpg,w_b678944
1036,6f591a74.jpg,w_1a229eb
1037,6f660c6d.jpg,w_2b443f8
1038,6f6d346d.jpg,w_4855bd3
1039,6fb10498.jpg,w_d96a0cd
1040,6fc27e1e.jpg,w_eb0a6ed
1041,70003a8f.jpg,w_1894a1c
1042,70212654.jpg,w_73d5489
1043,70500182.jpg,w_f19faeb
1044,70500cf8.jpg,w_b34793e
1045,70577256.jpg,w_6202983
1046,7060ba65.jpg,w_1287fbc
1047,70944341.jpg,w_12c3d3d
1048,70953372.jpg,w_63d10a1
1049,70b613f0.jpg,w_a533837
1050,70b80b95.jpg,w_dc89c4c
1051,70cd3cf2.jpg,w_5c07f42
1052,70ceeeff.jpg,w_693c9ee
1053,70f837d6.jpg,w_a526492
1054,7102081d.jpg,w_44a6b62
1055,71053f5a.jpg,w_5624f08
1056,710942cc.jpg,w_d88328d
1057,717554b6.jpg,w_6af9dd7
1058,717bb12f.jpg,w_656afeb
1059,71a4fc90.jpg,w_1287fbc
1060,72046206.jpg,w_4e68ddc
1061,720e65ad.jpg,w_0a71e87
1062,7287abd0.jpg,w_a5a13d0
1063,729c29a5.jpg,w_38e4aae
1064,72bd91d0.jpg,w_bbd9409
1065,72e74903.jpg,w_b678944
1066,72ef4e0f.jpg,w_1a70685
1067,734d181a.jpg,w_18a854b
1068,737a5429.jpg,w_f8e6546
1069,738fb42a.jpg,w_1287fbc
1070,73b6d0f1.jpg,w_9ea2cc3
1071,73ebf993.jpg,w_a526492
1072,7405ab36.jpg,w_693c9ee
1073,742034ab.jpg,w_6202983
1074,746f83a9.jpg,w_ec354a5
1075,7471f867.jpg,w_f4e0748
1076,7491fdcb.jpg,w_fd07344
1077,74a7338a.jpg,w_a59905f
1078,74c3f10a.jpg,w_a66b2a5
1079,7570842e.jpg,w_d88328d
1080,7598c6cb.jpg,w_2486665
1081,75bd19cd.jpg,w_a59905f
1082,75ea45c4.jpg,w_7554f44
1083,75fcff8c.jpg,w_ad6edbe
1084,76021b49.jpg,w_c11932e
1085,764be8b6.jpg,w_9ea2cc3
1086,768a1cf7.jpg,w_db0ad01
1087,76b6f960.jpg,w_6af9dd7
1088,76d6df54.jpg,w_d224115
1089,770d66d1.jpg,w_0324b97
1090,77c9cd3b.jpg,w_6c803bf
1091,77f079aa.jpg,w_b678944
1092,7808700d.jpg,w_1489751
1093,78222036.jpg,w_dbda0d6
1094,7867e3f4.jpg,w_4c9d3df
1095,786e218d.jpg,w_58c3bf9
1096,7871e1dd.jpg,w_ab6db0f
1097,787d8ea7.jpg,w_4e68ddc
1098,78832a09.jpg,w_dbda0d6
1099,788b89ef.jpg,w_462a117
1100,78b5a23a.jpg,w_f4e0748
1101,78c06fcd.jpg,w_1a70685
1102,78c68f5a.jpg,w_98baff9
1103,79425fc8.jpg,w_3cf3853
1104,7962e1cc.jpg,w_c9e1cdc
1105,798d2066.jpg,w_1eafe46
1106,798e0c06.jpg,w_d88328d
1107,79bb7b6d.jpg,w_8459e39
1108,7a730b50.jpg,w_5e04db0
1109,7a8d8b83.jpg,w_ba8c7bc
1110,7a99c7df.jpg,w_4fd48e7
1111,7aabe8ba.jpg,w_7554f44
1112,7abb98a1.jpg,w_7554f44
1113,7b013fb0.jpg,w_8c3db0a
1114,7b387280.jpg,w_fd1cb9d
1115,7b6a94b8.jpg,w_fd1cb9d
1116,7b748671.jpg,w_e3b2cfa
1117,7ba99b5a.jpg,w_b074cdf
1118,7c2907b2.jpg,w_654a5bb
1119,7c86fdd1.jpg,w_d88328d
1120,7c9f03ad.jpg,w_44a6b62
1121,7caff33a.jpg,w_44f66a7
1122,7cb80b4b.jpg,w_18df014
1123,7cbdeefe.jpg,w_d47e2e3
1124,7cbee29e.jpg,w_b066aa6
1125,7ce72585.jpg,w_5384c57
1126,7cf99855.jpg,w_73d5489
1127,7dd8602d.jpg,w_398aa7f
1128,7dea57a7.jpg,w_28ce17c
1129,7df2a97d.jpg,w_28ce17c
1130,7e22aca7.jpg,w_da63cba
1131,7eabb2f1.jpg,w_1596a47
1132,7ecb206c.jpg,w_d1bbde9
1133,7f17d915.jpg,w_b6efe77
1134,7f19b200.jpg,w_af67683
1135,7f323593.jpg,w_3197568
1136,7f60c0a8.jpg,w_968f2ca
1137,7f6401f9.jpg,w_968f2ca
1138,7f7702dc.jpg,w_53859b2
1139,7fa7e58a.jpg,w_23dce10
1140,7fce2c3f.jpg,w_4e52a49
1141,8024668f.jpg,w_4c9d3df
1142,8087f977.jpg,w_12c3d3d
1143,81003525.jpg,w_c0cfd5b
1144,815d7663.jpg,w_eb0a6ed
1145,8173f55b.jpg,w_95874a5
1146,819832c0.jpg,w_eb8429c
1147,81b114b9.jpg,w_c9e1cdc
1148,822a934a.jpg,w_6c2d7ea
1149,8274547a.jpg,w_8c1ec28
1150,827a007f.jpg,w_2fd21ec
1151,82987a45.jpg,w_da2efe0
1152,82d68445.jpg,w_2fe43c7
1153,82f69c09.jpg,w_1dff010
1154,83019e12.jpg,w_fba3bde
1155,8305abbf.jpg,w_1287fbc
1156,830aa828.jpg,w_94e1ed4
1157,830efd45.jpg,w_98baff9
1158,8327be2a.jpg,w_b6efe77
1159,838a75d5.jpg,w_d1bbde9
1160,83ca8382.jpg,w_9d5f5cc
1161,83dc3b84.jpg,w_462a117
1162,83feda91.jpg,w_cf00b01
1163,84074a3b.jpg,w_693c9ee
1164,840a6b0a.jpg,w_a2a1378
1165,840c95a1.jpg,w_9948a99
1166,8467d731.jpg,w_73d5489
1167,84905fba.jpg,w_f19faeb
1168,84addbe0.jpg,w_3b5403b
1169,84e9fc47.jpg,w_886257d
1170,85475f9f.jpg,w_fd1cb9d
1171,865a6f08.jpg,w_d28208f
1172,865f3da2.jpg,w_fd1cb9d
1173,8692887e.jpg,w_5b99089
1174,86bbdb3f.jpg,w_32037e2
1175,86bf0251.jpg,w_33909b8
1176,86e00b40.jpg,w_eb0a6ed
1177,87050167.jpg,w_a2eb1bb
1178,8707c095.jpg,w_b9ee5ec
1179,871d522d.jpg,w_1287fbc
1180,87373984.jpg,w_b96d4e0
1181,87649728.jpg,w_1287fbc
1182,87af9567.jpg,w_8c1ec28
1183,87cb279c.jpg,w_95874a5
1184,88032988.jpg,w_f19faeb
1185,883796e8.jpg,w_5dc1c2d
1186,886eee31.jpg,w_a22afc6
1187,88d7abf3.jpg,w_f8e6546
1188,8954ce64.jpg,w_cae7677
1189,8a0c52c4.jpg,w_fd1cb9d
1190,8a445028.jpg,w_bb2d34d
1191,8a5d512d.jpg,w_07e92ee
1192,8a7e268a.jpg,w_c786765
1193,8ab4077d.jpg,w_1eafe46
1194,8ae4e714.jpg,w_1eafe46
1195,8b419ccb.jpg,w_f19faeb
1196,8b77f5ac.jpg,w_1dc6d62
1197,8b8cb52a.jpg,w_7554f44
1198,8b9ae545.jpg,w_1274a11
1199,8bef9b79.jpg,w_92d55a6
1200,8bf43937.jpg,w_b729b1f
1201,8c572599.jpg,w_13c6b6b
1202,8c99c43f.jpg,w_6d17527
1203,8cc05900.jpg,w_7554f44
1204,8cd71ca5.jpg,w_94cd45e
1205,8ce76469.jpg,w_95874a5
1206,8d31cd20.jpg,w_02c2248
1207,8d46d9f9.jpg,w_3f907d6
1208,8d5e209f.jpg,w_fd1cb9d
1209,8dacbb30.jpg,w_7554f44
1210,8dcf9b31.jpg,w_97f5054
1211,8e0afd41.jpg,w_1eafe46
1212,8e11da15.jpg,w_9b401eb
1213,8e57ce1b.jpg,w_ab161f7
1214,8f099afa.jpg,w_b942708
1215,8f1fb719.jpg,w_1287fbc
1216,8f2b69b8.jpg,w_1287fbc
1217,8f37e202.jpg,w_bb2d34d
1218,8f49eb59.jpg,w_8103039
1219,8f62eea0.jpg,w_b96d4e0
1220,8f6e2cef.jpg,w_5b99089
1221,8f7c3608.jpg,w_7c7a78c
1222,8fd09177.jpg,w_4b1fad6
1223,8fe14533.jpg,w_6c803bf
1224,9046f572.jpg,w_67de30b
1225,9051d067.jpg,w_2fe43c7
1226,905fb55b.jpg,w_97f5054
1227,90a773f8.jpg,w_0d39a68
1228,90b251c3.jpg,w_6202983
1229,90f83487.jpg,w_9989964
1230,90fa288c.jpg,w_9b401eb
1231,91052943.jpg,w_1287fbc
1232,911bec85.jpg,w_330f897
1233,913dd895.jpg,w_dbda0d6
1234,9150ea8a.jpg,w_97f5054
1235,9165de1e.jpg,w_bb2d34d
1236,91699de9.jpg,w_d88328d
1237,917f8329.jpg,w_3d0bc7a
1238,91885aec.jpg,w_8ba2066
1239,91a135b5.jpg,w_93bf889
1240,91b2b0a0.jpg,w_bf4880a
1241,91b4847f.jpg,w_2fd21ec
1242,91b704dc.jpg,w_1287fbc
1243,92b9b101.jpg,w_0d48a7d
1244,92bd7a49.jpg,w_6c803bf
1245,92e33de7.jpg,w_dbda0d6
1246,933be6ce.jpg,w_1a70685
1247,9370c6ce.jpg,w_a18d0dc
1248,938e8146.jpg,w_67de30b
1249,93ea28b4.jpg,w_6e8486d
1250,9418dd8e.jpg,w_e158680
1251,943797a6.jpg,w_f19faeb
1252,9439664d.jpg,w_8ba2066
1253,94752c55.jpg,w_1eafe46
1254,94d6361d.jpg,w_778ee6e
1255,950c5db1.jpg,w_7554f44
1256,9523828c.jpg,w_fd07344
1257,9549d833.jpg,w_6c803bf
1258,95ae6f54.jpg,w_c0cfd5b
1259,95c1e9a3.jpg,w_41901e5
1260,95e97b79.jpg,w_35c8057
1261,9659141c.jpg,w_656afeb
1262,972b029d.jpg,w_96b697f
1263,9738a780.jpg,w_4b7b80b
1264,973d410c.jpg,w_d96a0cd
1265,974dc5fc.jpg,w_96c141f
1266,97548eb5.jpg,w_8103039
1267,97791473.jpg,w_e3c119c
1268,977ca1a7.jpg,w_ccca0db
1269,97b22b18.jpg,w_9ea2cc3
1270,97f7fb07.jpg,w_1287fbc
1271,97fbfa22.jpg,w_18a1bf2
1272,983837e4.jpg,w_93bf889
1273,985c9b9a.jpg,w_3d12652
1274,986ac34b.jpg,w_b34793e
1275,9947d920.jpg,w_5a6d315
1276,999872f9.jpg,w_cae7677
1277,99d708ca.jpg,w_ceffa10
1278,9a3e3226.jpg,w_693c9ee
1279,9a9c1717.jpg,w_cae7677
1280,9a9e1ef5.jpg,w_b074cdf
1281,9aa9188e.jpg,w_2fe43c7
1282,9ac5ba2c.jpg,w_d88328d
1283,9b395fc7.jpg,w_c9e1cdc
1284,9bdc7d52.jpg,w_6202983
1285,9c055a72.jpg,w_654a5bb
1286,9c1b2df0.jpg,w_a4f77bd
1287,9c318792.jpg,w_1489751
1288,9c89bb57.jpg,w_1eafe46
1289,9cde75d8.jpg,w_98baff9
1290,9d2cf6ab.jpg,w_5cb5fc3
1291,9d4ec8e6.jpg,w_a837660
1292,9d6aba0d.jpg,w_67de30b
1293,9dbf9bfc.jpg,w_693c9ee
1294,9e54b96c.jpg,w_f8e6546
1295,9e8537e1.jpg,w_7cca153
1296,9ea2284f.jpg,w_4e52a49
1297,9f0663ef.jpg,w_e3c119c
1298,9f1d3540.jpg,w_bc8d634
1299,9f24f879.jpg,w_6e8486d
1300,9f982966.jpg,w_a18d0dc
1301,9fec01e1.jpg,w_c71bf0e
1302,a04eedce.jpg,w_2071a4c
1303,a10c9417.jpg,w_681dba6
1304,a1180184.jpg,w_fba3bde
1305,a1513532.jpg,w_ba8c7bc
1306,a15a4cf7.jpg,w_5c6215c
1307,a15de001.jpg,w_98baff9
1308,a176d744.jpg,w_4fd48e7
1309,a1dc28be.jpg,w_18df014
1310,a21c2e72.jpg,w_654a5bb
1311,a26f9dbd.jpg,w_886257d
1312,a2795cc7.jpg,w_7554f44
1313,a28721d2.jpg,w_4e52a49
1314,a2aff525.jpg,w_b688397
1315,a315b49b.jpg,w_f18df18
1316,a31da59f.jpg,w_38e4aae
1317,a389d357.jpg,w_414f402
1318,a3b278af.jpg,w_95874a5
1319,a3ce30c6.jpg,w_fa32440
1320,a3f2668f.jpg,w_c0cfd5b
1321,a40da07c.jpg,w_da2efe0
1322,a449ace8.jpg,w_1eafe46
1323,a49e0931.jpg,w_18a854b
1324,a4d8ca2d.jpg,w_38e4aae
1325,a4f8b446.jpg,w_95874a5
1326,a52437e5.jpg,w_6c803bf
1327,a575a5d8.jpg,w_c926fc3
1328,a579a6b1.jpg,w_5f68f56
1329,a584067a.jpg,w_66c1b54
1330,a5b67e0d.jpg,w_9ea2cc3
1331,a5dba0bc.jpg,w_3f907d6
1332,a5e36602.jpg,w_9291cdf
1333,a5fd21da.jpg,w_3b5403b
1334,a6243966.jpg,w_f8e6546
1335,a659155d.jpg,w_1a70685
1336,a683afab.jpg,w_51969d2
1337,a69abadc.jpg,w_1596a47
1338,a69ada0d.jpg,w_67de30b
1339,a6b00d23.jpg,w_b678944
1340,a6c95797.jpg,w_f792125
1341,a6d0e8a5.jpg,w_9b401eb
1342,a6dc7463.jpg,w_fba3bde
1343,a71aa07c.jpg,w_65e2424
1344,a7933424.jpg,w_6af9dd7
1345,a7b1a40d.jpg,w_9b401eb
1346,a7c471d8.jpg,w_2d29ddd
1347,a7d28984.jpg,w_1287fbc
1348,a7dc6c84.jpg,w_5c62a56
1349,a7dec0d7.jpg,w_656afeb
1350,a7f86888.jpg,w_73d5489
1351,a81e063c.jpg,w_cae7677
1352,a87c4266.jpg,w_5c62a56
1353,a8a7c4d2.jpg,w_fa32440
1354,a8bec9ad.jpg,w_5297ab3
1355,a8dc3377.jpg,w_1489751
1356,a8fd2dc4.jpg,w_19ca2c6
1357,a9522d8a.jpg,w_1a229eb
1358,a9767dd2.jpg,w_95874a5
1359,a9827190.jpg,w_a837660
1360,a9f2532a.jpg,w_b074cdf
1361,aa1569e8.jpg,w_f22f3e3
1362,aa5a7140.jpg,w_462a117
1363,aa8282dc.jpg,w_5b99089
1364,aa897d21.jpg,w_511c464
1365,aab954a0.jpg,w_8b22583
1366,ab09fe21.jpg,w_a59905f
1367,ab431ad0.jpg,w_6c803bf
1368,ab7916f7.jpg,w_28ce17c
1369,aba04a2d.jpg,w_fd1cb9d
1370,aba31a94.jpg,w_7c6ad05
1371,abd863e3.jpg,w_e3c119c
1372,ac0beccb.jpg,w_fd1cb9d
1373,ac0faa1a.jpg,w_57c14db
1374,ac52bde7.jpg,w_95874a5
1375,ac570b4f.jpg,w_95874a5
1376,ac584f66.jpg,w_e3c119c
1377,ac58e730.jpg,w_73d5489
1378,ad019a08.jpg,w_b074cdf
1379,ad1d09e3.jpg,w_2fd21ec
1380,ad24a59c.jpg,w_aed023d
1381,ad5cedb8.jpg,w_98baff9
1382,ad6537f6.jpg,w_33fc58d
1383,ad7a8f68.jpg,w_f19faeb
1384,ad845e4e.jpg,w_693c9ee
1385,ad8a0b2a.jpg,w_5384c57
1386,ad93fef6.jpg,w_b729b1f
1387,ad9f908f.jpg,w_302af0a
1388,adbc0231.jpg,w_1d53d9c
1389,adc5241f.jpg,w_66c1b54
1390,adcf77fc.jpg,w_70715c1
1391,ade0c465.jpg,w_5c6215c
1392,ae67b7f2.jpg,w_6202983
1393,ae8aa8b1.jpg,w_a646643
1394,aef2e4f6.jpg,w_9b401eb
1395,aefa9ca7.jpg,w_44f66a7
1396,aefd69bd.jpg,w_7554f44
1397,af057d8c.jpg,w_38e4aae
1398,af1f53e5.jpg,w_71c7322
1399,af21e604.jpg,w_fba3bde
1400,af63bc1d.jpg,w_4b7b80b
1401,af759290.jpg,w_1c2fb13
1402,af7cbe5b.jpg,w_c13a4e3
1403,af823c5a.jpg,w_1287fbc
1404,af9895ae.jpg,w_a965f14
1405,afc114b6.jpg,w_1dff010
1406,afde58cd.jpg,w_a646643
1407,affacaa3.jpg,w_9c5ed68
1408,b002c2c3.jpg,w_da2efe0
1409,b006cec6.jpg,w_7ef90f7
1410,b01d4414.jpg,w_7554f44
1411,b02e5613.jpg,w_7554f44
1412,b0412f41.jpg,w_693c9ee
1413,b0adaba8.jpg,w_77e1ae3
1414,b0d3ae78.jpg,w_9b401eb
1415,b0e799e0.jpg,w_a14ccaa
1416,b141f1c1.jpg,w_4e52a49
1417,b1485028.jpg,w_b9c9129
1418,b1519624.jpg,w_569c2c7
1419,b1701bcf.jpg,w_ff7630a
1420,b1a9e79e.jpg,w_8c1ec28
1421,b1b00b75.jpg,w_77e1d3f
1422,b1faef42.jpg,w_a14ccaa
1423,b247e203.jpg,w_1dff010
1424,b300713b.jpg,w_b942708
1425,b31889e2.jpg,w_eb0a6ed
1426,b31b4c6b.jpg,w_4e68ddc
1427,b34d7d5f.jpg,w_7049d9f
1428,b3563500.jpg,w_ab6bb0a
1429,b35cb9b8.jpg,w_da2efe0
1430,b365c6e1.jpg,w_b729b1f
1431,b3cc2187.jpg,w_7554f44
1432,b3ddccca.jpg,w_9c5ed68
1433,b41c1a55.jpg,w_af5d11a
1434,b4280e92.jpg,w_17136dc
1435,b430a36e.jpg,w_a1fe45d
1436,b4442482.jpg,w_c00534d
1437,b44c2902.jpg,w_2071a4c
1438,b45cb8ed.jpg,w_f8e6546
1439,b472b5a8.jpg,w_c0cfd5b
1440,b4cf8b37.jpg,w_a31aa30
1441,b5105526.jpg,w_23dce10
1442,b521c619.jpg,w_fc433f7
1443,b5661447.jpg,w_3c2ec7a
1444,b5bed2ea.jpg,w_d47e2e3
1445,b5f01672.jpg,w_1287fbc
1446,b5f46cf1.jpg,w_bb2d34d
1447,b63dabd3.jpg,w_656afeb
1448,b6b66ef0.jpg,w_7c7a78c
1449,b75616f1.jpg,w_67de30b
1450,b75c4986.jpg,w_79b42cd
1451,b7da90a5.jpg,w_a14ccaa
1452,b89eaf81.jpg,w_b6c4efa
1453,b915eeca.jpg,w_4114553
1454,b9688c4b.jpg,w_ff70408
1455,b987724d.jpg,w_dbf4e7f
1456,b9b5fd2c.jpg,w_3278f8c
1457,b9bcc14e.jpg,w_1eafe46
1458,b9cce35d.jpg,w_aeca19c
1459,ba8cd404.jpg,w_93bf889
1460,bb1c9dd7.jpg,w_9c5ed68
1461,bb20a037.jpg,w_ab6db0f
1462,bb20cb4e.jpg,w_6d17527
1463,bb4b13f1.jpg,w_6af9dd7
1464,bb5af200.jpg,w_717a293
1465,bb5edf46.jpg,w_7554f44
1466,bb683c53.jpg,w_b066aa6
1467,bbde5abb.jpg,w_33fc58d
1468,bc018313.jpg,w_9ea2cc3
1469,bc1afc2c.jpg,w_1596a47
1470,bc3ab818.jpg,w_d6e437d
1471,bc479acb.jpg,w_77e1d3f
1472,bc768e7d.jpg,w_a526492
1473,bca153b8.jpg,w_4b7b80b
1474,bd077019.jpg,w_fea7fe6
1475,bd19af72.jpg,w_1596a47
1476,bd5a6dca.jpg,w_296749b
1477,bd699c43.jpg,w_98baff9
1478,bd912af5.jpg,w_da2efe0
1479,bdcdff28.jpg,w_9b401eb
1480,be0c9baf.jpg,w_4b7b80b
1481,be2e8b7c.jpg,w_73d5489
1482,be41e022.jpg,w_2a939eb
1483,be504bb3.jpg,w_eec1133
1484,be5543ca.jpg,w_90f5d3b
1485,bed0b250.jpg,w_c00534d
1486,beef6aa7.jpg,w_a59905f
1487,bf4cf34e.jpg,w_fea7fe6
1488,bfaf9e41.jpg,w_8e4abc9
1489,bfc76005.jpg,w_b678944
1490,bfc983ad.jpg,w_6c803bf
1491,bfd0fc3d.jpg,w_5297ab3
1492,c01afe46.jpg,w_fea7fe6
1493,c0388c6d.jpg,w_c926fc3
1494,c0838719.jpg,w_98baff9
1495,c0d2147f.jpg,w_79b42cd
1496,c0dc322d.jpg,w_a913945
1497,c10a3c48.jpg,w_a965f14
1498,c129f0de.jpg,w_5c07f42
1499,c1858b6a.jpg,w_13c6b6b
1500,c18a06e6.jpg,w_73d5489
1501,c1c44589.jpg,w_8464638
1502,c1d0bb19.jpg,w_2fd21ec
1503,c1d4e37d.jpg,w_7028d77
1504,c1e0d103.jpg,w_01c2cb0
1505,c1f2d3a2.jpg,w_4c9d3df
1506,c2433bed.jpg,w_711aaa1
1507,c25b59a4.jpg,w_f546b0a
1508,c26340b7.jpg,w_73d5489
1509,c28e7910.jpg,w_98baff9
1510,c2abdae8.jpg,w_2071a4c
1511,c2c40bcd.jpg,w_fd1cb9d
1512,c37390cf.jpg,w_bf4880a
1513,c376b46c.jpg,w_dbda0d6
1514,c3791ea1.jpg,w_b721e96
1515,c3caa1d3.jpg,w_4e52a49
1516,c3d5f724.jpg,w_511c464
1517,c3f46dff.jpg,w_1a70685
1518,c3f79fb4.jpg,w_9b401eb
1519,c44d7750.jpg,w_dbda0d6
1520,c4991496.jpg,w_d1bbde9
1521,c4b0ed02.jpg,w_73d5489
1522,c4b7e7db.jpg,w_38e4aae
1523,c50b8426.jpg,w_0b04c08
1524,c551386c.jpg,w_17136dc
1525,c560225b.jpg,w_8c1ec28
1526,c56231dc.jpg,w_4e52a49
1527,c5629e60.jpg,w_eb0a6ed
1528,c5efd13e.jpg,w_f19faeb
1529,c694616d.jpg,w_c00534d
1530,c6a7a682.jpg,w_c103b25
1531,c6cf3c1c.jpg,w_6af9dd7
1532,c717bc8b.jpg,w_1c32062
1533,c72123ef.jpg,w_1287fbc
1534,c75d9bca.jpg,w_da63cba
1535,c771c3e2.jpg,w_414f402
1536,c795c523.jpg,w_0ead9d7
1537,c7996a54.jpg,w_7028d77
1538,c7a3d69d.jpg,w_1eafe46
1539,c7b52a6a.jpg,w_1596a47
1540,c810f4eb.jpg,w_b074cdf
1541,c90271ce.jpg,w_67de30b
1542,c9185c1c.jpg,w_b942708
1543,c968929b.jpg,w_1d53d9c
1544,c97c3ae6.jpg,w_44a6b62
1545,c9c3d82e.jpg,w_7554f44
1546,ca361119.jpg,w_7028d77
1547,ca39071f.jpg,w_1eafe46
1548,ca6dcefd.jpg,w_f8e6546
1549,cab6b343.jpg,w_3dd1a87
1550,cab76d3c.jpg,w_6b82ccc
1551,cad01d6f.jpg,w_4e52a49
1552,cad7e79e.jpg,w_7554f44
1553,cae6c3d6.jpg,w_b942708
1554,cb306dae.jpg,w_b074cdf
1555,cb618c38.jpg,w_cece268
1556,cb66b893.jpg,w_66c1b54
1557,cb6b11e9.jpg,w_1dff010
1558,cb93a0b0.jpg,w_9ea2cc3
1559,cbc40e82.jpg,w_1a229eb
1560,cbcb418d.jpg,w_dc89c4c
1561,cbd646f5.jpg,w_5384c57
1562,cc6274ff.jpg,w_d47e2e3
1563,cc657811.jpg,w_851a7f4
1564,cc68d9f2.jpg,w_cae7677
1565,cc979ad0.jpg,w_0899118
1566,ccdbbafe.jpg,w_569c2c7
1567,ccdcd6ee.jpg,w_cd22b23
1568,ccfe85e0.jpg,w_b942708
1569,cd181d51.jpg,w_09d7946
1570,cd583fcd.jpg,w_4b7b80b
1571,cd656086.jpg,w_77e1d3f
1572,cdd2705b.jpg,w_1a229eb
1573,ce3fec37.jpg,w_a91b997
1574,ce4b28f1.jpg,w_e05ee50
1575,ce6abadc.jpg,w_1287fbc
1576,ce8f7594.jpg,w_ff7630a
1577,cea920d9.jpg,w_b4369cc
1578,ced3ed6d.jpg,w_f8e6546
1579,cee21008.jpg,w_73d5489
1580,cefa47d6.jpg,w_95874a5
1581,cf1b288e.jpg,w_b678944
1582,cf35fe57.jpg,w_7554f44
1583,cf5c4d4a.jpg,w_cd22b23
1584,d029ff80.jpg,w_98baff9
1585,d02b1784.jpg,w_1287fbc
1586,d040e670.jpg,w_1287fbc
1587,d04d0fb8.jpg,w_98baff9
1588,d07bb837.jpg,w_505a141
1589,d0d900ac.jpg,w_bb2d34d
1590,d121d194.jpg,w_1029f4e
1591,d1502267.jpg,w_6202983
1592,d1dde02e.jpg,w_e158680
1593,d1fc97c1.jpg,w_98baff9
1594,d20e7a91.jpg,w_6af9dd7
1595,d271f15d.jpg,w_1d53d9c
1596,d2a2a406.jpg,w_6c2d7ea
1597,d2c8bd2d.jpg,w_6d17527
1598,d2f78dc1.jpg,w_b2d937a
1599,d37fe2ad.jpg,w_693c9ee
1600,d38950c4.jpg,w_cae7677
1601,d3af29e6.jpg,w_38e4aae
1602,d3b2bfbd.jpg,w_c11932e
1603,d3b7513e.jpg,w_98baff9
1604,d3bcc881.jpg,w_67de30b
1605,d4dd3d8e.jpg,w_92d55a6
1606,d55da77b.jpg,w_ab6db0f
1607,d576c13d.jpg,w_3aa2073
1608,d58742d5.jpg,w_2b28681
1609,d5e1a24e.jpg,w_eb8429c
1610,d60832ab.jpg,w_4fd48e7
1611,d609c7a2.jpg,w_94cd45e
1612,d69146c9.jpg,w_307065e
1613,d71be0d5.jpg,w_1a70685
1614,d723be72.jpg,w_680e011
1615,d7adcb59.jpg,w_15d7ecf
1616,d7c9a260.jpg,w_9948a99
1617,d7d4e089.jpg,w_bc62c0e
1618,d80c93c2.jpg,w_6af9dd7
1619,d85a2a20.jpg,w_9b401eb
1620,d85ce84f.jpg,w_b6c4efa
1621,d86f3fec.jpg,w_98baff9
1622,d8d54d16.jpg,w_f8e6546
1623,d8daa456.jpg,w_654a5bb
1624,d8e3cd8a.jpg,w_aa7a302
1625,d8eb38fe.jpg,w_b678944
1626,d8f8c1e1.jpg,w_1274a11
1627,d9385858.jpg,w_c9e1cdc
1628,d9c35b01.jpg,w_2071a4c
1629,d9cfc6dd.jpg,w_97f5054
1630,da5b3e82.jpg,w_dee6441
1631,daaf34f5.jpg,w_1dff010
1632,dafed735.jpg,w_3d0bc7a
1633,db12aa57.jpg,w_04c1951
1634,db147df2.jpg,w_1287fbc
1635,db276301.jpg,w_7554f44
1636,dbc0bd88.jpg,w_8b22583
1637,dbc23cf3.jpg,w_67de30b
1638,dbcdd8b1.jpg,w_f9a09c6
1639,dbd5650d.jpg,w_77e1ae3
1640,dc020cda.jpg,w_398aa7f
1641,dc0c4961.jpg,w_0853262
1642,dc2bc109.jpg,w_73d5489
1643,dc3f455e.jpg,w_2071a4c
1644,dc51bb8c.jpg,w_0a565c5
1645,dc582079.jpg,w_7c7a78c
1646,dc79e75f.jpg,w_ba8c7bc
1647,dc7b1165.jpg,w_f19faeb
1648,dc8d5725.jpg,w_2a939eb
1649,dca11322.jpg,w_339c8ae
1650,dcebe2cc.jpg,w_7028d77
1651,dd2d5719.jpg,w_6c803bf
1652,dd4b041f.jpg,w_5cb5fc3
1653,dd698de6.jpg,w_4114553
1654,dd6ed8bb.jpg,w_a59905f
1655,dd92d5df.jpg,w_67de30b
1656,ddaee4aa.jpg,w_fd1cb9d
1657,ddba0df3.jpg,w_f19faeb
1658,ddbb0de6.jpg,w_693c9ee
1659,ddda6f11.jpg,w_8a3449f
1660,dde880b2.jpg,w_569c2c7
1661,de1d060a.jpg,w_eb0a6ed
1662,de2e860e.jpg,w_32037e2
1663,de5e38fe.jpg,w_38e4aae
1664,de5ea4fa.jpg,w_c00534d
1665,de67f3ab.jpg,w_4e52a49
1666,dea9f5dd.jpg,w_67de30b
1667,deacd680.jpg,w_93bf889
1668,dec3aa14.jpg,w_ff7630a
1669,dec64ebb.jpg,w_a18d0dc
1670,df21a6b8.jpg,w_4fd48e7
1671,df4ebcf5.jpg,w_a59905f
1672,df9c98dd.jpg,w_3197568
1673,dfbe87b8.jpg,w_6d17527
1674,dfee01f1.jpg,w_d224115
1675,dfff9871.jpg,w_cece268
1676,e01b056d.jpg,w_1090920
1677,e0d6b877.jpg,w_fea7fe6
1678,e0e2a0d2.jpg,w_2fd21ec
1679,e1032d07.jpg,w_fa32440
1680,e1313b0f.jpg,w_44a6b62
1681,e15ff5de.jpg,w_c622a3f
1682,e19655a4.jpg,w_1287fbc
1683,e1a8d822.jpg,w_989fbbb
1684,e2142715.jpg,w_414f402
1685,e21a39c8.jpg,w_6d274b2
1686,e26e5120.jpg,w_eb0a6ed
1687,e28c66b7.jpg,w_d8f848c
1688,e29a39c9.jpg,w_da63cba
1689,e2b825f5.jpg,w_47d2bc6
1690,e30bd230.jpg,w_b678944
1691,e33261e6.jpg,w_6af9dd7
1692,e34c10d1.jpg,w_4fd48e7
1693,e37c95b6.jpg,w_ef2f0f0
1694,e39680f1.jpg,w_778ee6e
1695,e3d7c95d.jpg,w_b942708
1696,e44b428b.jpg,w_e6ec8ee
1697,e44c8ea0.jpg,w_b96d4e0
1698,e453b243.jpg,w_2071a4c
1699,e4ae742a.jpg,w_cae7677
1700,e4b7659e.jpg,w_6202983
1701,e4ba8906.jpg,w_f8cd6b6
1702,e4cfc870.jpg,w_8f2fb79
1703,e4dc6ec8.jpg,w_fd1cb9d
1704,e4f2c738.jpg,w_a18d0dc
1705,e53d2b96.jpg,w_4b7b80b
1706,e55ed2ec.jpg,w_b688397
1707,e5bb5af3.jpg,w_15d7ecf
1708,e69e6d59.jpg,w_2fe43c7
1709,e6ffa80c.jpg,w_778ee6e
1710,e7044065.jpg,w_c9e1cdc
1711,e74c35ab.jpg,w_fa32440
1712,e7a39cff.jpg,w_2173953
1713,e86d904a.jpg,w_67de30b
1714,e8fb34af.jpg,w_a59905f
1715,e8fef570.jpg,w_eb0a6ed
1716,e90a441a.jpg,w_9c70a11
1717,e931e3bd.jpg,w_d3c8520
1718,e9342cd8.jpg,w_b942708
1719,e9549f94.jpg,w_7554f44
1720,e96978ce.jpg,w_693c9ee
1721,e9bb798d.jpg,w_b34793e
1722,e9bd2e9c.jpg,w_b066aa6
1723,e9cce61c.jpg,w_d3c8520
1724,e9f03c51.jpg,w_b688397
1725,ea07e2b1.jpg,w_f9a09c6
1726,ea08df04.jpg,w_7c7a78c
1727,ea24b89e.jpg,w_4e52a49
1728,ea291015.jpg,w_bb2d34d
1729,ea5f45ca.jpg,w_0d48a7d
1730,ea916c35.jpg,w_886257d
1731,eaa07cb8.jpg,w_a837660
1732,eab8dccc.jpg,w_5a6d315
1733,ead8b9cb.jpg,w_4b7b80b
1734,eb026a29.jpg,w_cae7677
1735,eb0dbe96.jpg,w_778ee6e
1736,ebbeb2db.jpg,w_a71aa99
1737,ebdb7544.jpg,w_69f4311
1738,ec078e71.jpg,w_4fd48e7
1739,ec2a3909.jpg,w_1596a47
1740,ec506248.jpg,w_bb2d34d
1741,ec6e335f.jpg,w_60759c2
1742,ec952d00.jpg,w_36a4e8b
1743,ecc105de.jpg,w_18a854b
1744,ecc98a44.jpg,w_bb2d34d
1745,ecd014f1.jpg,w_eb0a6ed
1746,ecdfc350.jpg,w_b942708
1747,ed036c70.jpg,w_8ba2066
1748,ed03fb44.jpg,w_9ea2cc3
1749,ed284e79.jpg,w_1287fbc
1750,ed3bac22.jpg,w_ba8c7bc
1751,ed744e52.jpg,w_73d5489
1752,eda5de83.jpg,w_6e8486d
1753,ede622f7.jpg,w_c9e1cdc
1754,ee3e0557.jpg,w_98baff9
1755,ee5c7600.jpg,w_44f66a7
1756,ef04b2bf.jpg,w_1c2fb13
1757,ef3578e6.jpg,w_3b0894d
1758,ef4108d9.jpg,w_0d39a68
1759,ef77df0e.jpg,w_2071a4c
1760,efb84b03.jpg,w_dbda0d6
1761,efc6cdd4.jpg,w_8c1ec28
1762,f00f98fb.jpg,w_0d48a7d
1763,f0467032.jpg,w_bf4880a
1764,f087247d.jpg,w_8103039
1765,f08d46f5.jpg,w_2863d51
1766,f0a33ade.jpg,w_6202983
1767,f0fc6ffc.jpg,w_95874a5
1768,f101b6be.jpg,w_6c803bf
1769,f1acd376.jpg,w_b688397
1770,f1b728f9.jpg,w_654a5bb
1771,f1eee252.jpg,w_57c14db
1772,f1f13a10.jpg,w_ff70408
1773,f233ed87.jpg,w_a913945
1774,f2c504bc.jpg,w_60759c2
1775,f2ec136c.jpg,w_f19faeb
1776,f3151a32.jpg,w_3d0bc7a
1777,f3339e83.jpg,w_fba3bde
1778,f339a49f.jpg,w_0e7cb1c
1779,f35e1bb3.jpg,w_8b1ca89
1780,f396c942.jpg,w_f18df18
1781,f39d445f.jpg,w_38e4aae
1782,f3c17f2a.jpg,w_cf00b01
1783,f4063698.jpg,w_7554f44
1784,f44ffb82.jpg,w_94cd45e
1785,f4779fcd.jpg,w_4b7b80b
1786,f4c81765.jpg,w_8b1ca89
1787,f5022ed6.jpg,w_1d2fbc1
1788,f51a835e.jpg,w_fea7fe6
1789,f5ac7c84.jpg,w_1287fbc
1790,f5d404ef.jpg,w_da63cba
1791,f64b0b01.jpg,w_569c2c7
1792,f68bb972.jpg,w_9b401eb
1793,f6a912ad.jpg,w_37dd956
1794,f71a6dd4.jpg,w_dbda0d6
1795,f72108ed.jpg,w_b942708
1796,f7338dc0.jpg,w_2071a4c
1797,f74ce703.jpg,w_b9ee5ec
1798,f767cdfa.jpg,w_1eafe46
1799,f784d143.jpg,w_41fa033
1800,f78e46dd.jpg,w_5297ab3
1801,f78fd3c7.jpg,w_66c1b54
1802,f790ab91.jpg,w_1489751
1803,f796599e.jpg,w_07e92ee
1804,f7e47342.jpg,w_fea7fe6
1805,f7e94a2d.jpg,w_5b99089
1806,f7f53ac0.jpg,w_2fe43c7
1807,f7f92380.jpg,w_b2d937a
1808,f80825b3.jpg,w_eb44149
1809,f851e7f1.jpg,w_2b443f8
1810,f858046d.jpg,w_ab6bb0a
1811,f86e1863.jpg,w_8c1ec28
1812,f88cbd4d.jpg,w_5cb5fc3
1813,f8b7e74f.jpg,w_09d7946
1814,f8c56933.jpg,w_4b7b80b
1815,f8d2db74.jpg,w_e156c87
1816,f9f96d8a.jpg,w_95874a5
1817,fa4c20f2.jpg,w_fd07344
1818,fad13793.jpg,w_3cf3853
1819,fb2ccd75.jpg,w_0b04c08
1820,fb3f7ab4.jpg,w_1274a11
1821,fb5f5b93.jpg,w_7c6ad05
1822,fb757062.jpg,w_fb94a5a
1823,fbb679be.jpg,w_693c9ee
1824,fc120e58.jpg,w_bb2d34d
1825,fc14e6c2.jpg,w_d0e5d1d
1826,fc1882b1.jpg,w_3b0894d
1827,fc547b47.jpg,w_b066aa6
1828,fcc84c8e.jpg,w_fd07344
1829,fd30f7e6.jpg,w_9b401eb
1830,fd4fce43.jpg,w_2fd21ec
1831,fd696375.jpg,w_5c6215c
1832,fdb4a622.jpg,w_c9e1cdc
1833,fdc286d7.jpg,w_ef2f0f0
1834,fdc86e6b.jpg,w_d96a0cd
1835,fdca36b9.jpg,w_4fd48e7
1836,fe4fa036.jpg,w_5b99089
1837,fe529671.jpg,w_c11932e
1838,fe8cd7e1.jpg,w_af67683
1839,fe937459.jpg,w_b34793e
1840,feb9ded0.jpg,w_2a939eb
1841,fec501c7.jpg,w_af67683
1842,fed3bc99.jpg,w_3b0894d
1843,fefc845c.jpg,w_dbda0d6
1844,ff0d2705.jpg,w_4e52a49
1845,ff24f0ea.jpg,w_3d0bc7a
1846,ff3509c0.jpg,w_8ba2066
1847,ff3f151f.jpg,w_9d5f5cc
1848,ff9d60a3.jpg,w_eb0a6ed
1849,fffd4260.jpg,w_b9bfd4e
